stock_id,name,percent
1,realestate,0.0238
1,consumer_cyclical,0.1083
1,basic_materials,0.0717
1,consumer_defensive,0.0956
1,technology,0.093
1,communication_services,0.040799998
1,financial_services,0.1892
1,utilities,0.0313
1,industrials,0.1616
1,energy,0.0556
1,healthcare,0.129
2,realestate,0.0107
2,consumer_cyclical,0.3261
2,basic_materials,0.23110001
2,consumer_defensive,0.1319
2,technology,0
2,communication_services,0
2,financial_services,0.0952
2,utilities,0
2,industrials,0.1426
2,energy,0
2,healthcare,0.0624
3,realestate,0.0106
3,consumer_cyclical,0.0294
3,basic_materials,0.05
3,consumer_defensive,0.1552
3,technology,0.3007
3,communication_services,0.1287
3,financial_services,0.1446
3,utilities,0
3,industrials,0.1275
3,energy,0.0177
3,healthcare,0.0356
4,realestate,0.0322
4,consumer_cyclical,0.083000004
4,basic_materials,0.0257
4,consumer_defensive,0.0883
4,technology,0.3123
4,communication_services,0.0574
4,financial_services,0.0958
4,utilities,0.0084
4,industrials,0.118
4,energy,0.045100003
4,healthcare,0.1337
5,realestate,0.0427
5,consumer_cyclical,0.0866
5,basic_materials,0
5,consumer_defensive,0
5,technology,0
5,communication_services,0.047199998
5,financial_services,0.3234
5,utilities,0.2904
5,industrials,0.1397
5,energy,0.049000002
5,healthcare,0.0209
6,realestate,0.0038
6,consumer_cyclical,0.0027
6,basic_materials,0.1033
6,consumer_defensive,0.1387
6,technology,0.032
6,communication_services,0.088599995
6,financial_services,0.1924
6,utilities,0.0043
6,industrials,0.1116
6,energy,0.3205
6,healthcare,0.002
7,realestate,0.0448
7,consumer_cyclical,0.0776
7,basic_materials,0.0757
7,consumer_defensive,0.0349
7,technology,0.1548
7,communication_services,0.060300004
7,financial_services,0.2175
7,utilities,0.0056
7,industrials,0.20709999
7,energy,0
7,healthcare,0.121800005
8,realestate,0.016900001
8,consumer_cyclical,0.102
8,basic_materials,0.0588
8,consumer_defensive,0.0933
8,technology,0.08979999
8,communication_services,0.038599998
8,financial_services,0.2048
8,utilities,0.0345
8,industrials,0.17819999
8,energy,0.060700003
8,healthcare,0.1224
9,realestate,0
9,consumer_cyclical,0.0988
9,basic_materials,0.0734
9,consumer_defensive,0.2036
9,technology,0.16620001
9,communication_services,0
9,financial_services,0
9,utilities,0.1663
9,industrials,0.2917
9,energy,0
9,healthcare,0
10,realestate,0
10,consumer_cyclical,0.1909
10,basic_materials,0.0424
10,consumer_defensive,0.0817
10,technology,0.1497
10,communication_services,0.038900003
10,financial_services,0.1626
10,utilities,0.037
10,industrials,0.1571
10,energy,0.066199996
10,healthcare,0.0736
11,realestate,0
11,consumer_cyclical,0.0659
11,basic_materials,0.0002
11,consumer_defensive,0
11,technology,0.2013
11,communication_services,0
11,financial_services,0
11,utilities,0.1981
11,industrials,0.5345
11,energy,0
11,healthcare,0
12,realestate,0.0222
12,consumer_cyclical,0.1086
12,basic_materials,0.081499994
12,consumer_defensive,0.0915
12,technology,0.0836
12,communication_services,0.0398
12,financial_services,0.1966
12,utilities,0.0321
12,industrials,0.1516
12,energy,0.0661
12,healthcare,0.1265
13,realestate,0
13,consumer_cyclical,0.0056
13,basic_materials,0
13,consumer_defensive,0
13,technology,0.0185
13,communication_services,0
13,financial_services,0.97269994
13,utilities,0
13,industrials,0.0032
13,energy,0
13,healthcare,0
14,realestate,0.0062
14,consumer_cyclical,0.0584
14,basic_materials,0.0838
14,consumer_defensive,0.2195
14,technology,0.0136
14,communication_services,0.0117999995
14,financial_services,0.176
14,utilities,0.004
14,industrials,0.099300005
14,energy,0
14,healthcare,0.32740003
15,realestate,0.0128999995
15,consumer_cyclical,0.13270001
15,basic_materials,0.0539
15,consumer_defensive,0.1365
15,technology,0.1599
15,communication_services,0.0395
15,financial_services,0.084300004
15,utilities,0.0063
15,industrials,0.188
15,energy,0.0032
15,healthcare,0.18280001
16,realestate,0.0082
16,consumer_cyclical,0.1039
16,basic_materials,0.0673
16,consumer_defensive,0.1216
16,technology,0.0685
16,communication_services,0.0357
16,financial_services,0.1776
16,utilities,0.0385
16,industrials,0.14829999
16,energy,0.0664
16,healthcare,0.16399999
17,realestate,0
17,consumer_cyclical,0
17,basic_materials,0
17,consumer_defensive,0
17,technology,1
17,communication_services,0
17,financial_services,0
17,utilities,0
17,industrials,0
17,energy,0
17,healthcare,0
19,realestate,0
19,consumer_cyclical,0.0309
19,basic_materials,0.044299997
19,consumer_defensive,0.053200003
19,technology,0.0182
19,communication_services,0
19,financial_services,0.1355
19,utilities,0.025899999
19,industrials,0.26229998
19,energy,0.0070999996
19,healthcare,0.42259997
20,realestate,0.0177
20,consumer_cyclical,0.0588
20,basic_materials,0.015800001
20,consumer_defensive,0.1041
20,technology,0.2447
20,communication_services,0.0434
20,financial_services,0.081499994
20,utilities,0.0672
20,industrials,0.1374
20,energy,0.0367
20,healthcare,0.1928
21,realestate,0
21,consumer_cyclical,0.0081
21,basic_materials,0.0394
21,consumer_defensive,0
21,technology,0.0836
21,communication_services,0
21,financial_services,0
21,utilities,0.115100004
21,industrials,0.6332
21,energy,0
21,healthcare,0.1205
22,realestate,0.014199999
22,consumer_cyclical,0.15529999
22,basic_materials,0.0541
22,consumer_defensive,0.082100004
22,technology,0.121199995
22,communication_services,0.0473
22,financial_services,0.1711
22,utilities,0.0557
22,industrials,0.16520001
22,energy,0.0507
22,healthcare,0.083000004
23,realestate,0.0154
23,consumer_cyclical,0.1552
23,basic_materials,0.054
23,consumer_defensive,0.081999995
23,technology,0.12109999
23,communication_services,0.047199998
23,financial_services,0.1709
23,utilities,0.0556
23,industrials,0.165
23,energy,0.0506
23,healthcare,0.0829
24,realestate,0.0067000003
24,consumer_cyclical,0.0529
24,basic_materials,0.105
24,consumer_defensive,0.1778
24,technology,0.0077
24,communication_services,0.0296
24,financial_services,0.1848
24,utilities,0.0403
24,industrials,0.10609999
24,energy,0.1464
24,healthcare,0.1426
25,realestate,0.0067000003
25,consumer_cyclical,0.053000003
25,basic_materials,0.1028
25,consumer_defensive,0.1775
25,technology,0.0077
25,communication_services,0.0299
25,financial_services,0.1847
25,utilities,0.0405
25,industrials,0.105500005
25,energy,0.14840001
25,healthcare,0.1434
26,realestate,0
26,consumer_cyclical,0.0863
26,basic_materials,0.1391
26,consumer_defensive,0.15609999
26,technology,0.14050001
26,communication_services,0
26,financial_services,0.0127
26,utilities,0.1144
26,industrials,0.35099998
26,energy,0
26,healthcare,0
27,realestate,0
27,consumer_cyclical,0
27,basic_materials,0
27,consumer_defensive,0
27,technology,1
27,communication_services,0
27,financial_services,0
27,utilities,0
27,industrials,0
27,energy,0
27,healthcare,0
28,realestate,0.0463
28,consumer_cyclical,0.1088
28,basic_materials,0.1885
28,consumer_defensive,0
28,technology,0
28,communication_services,0.058000002
28,financial_services,0.3095
28,utilities,0.1008
28,industrials,0.118999995
28,energy,0.0691
28,healthcare,0
29,realestate,0.0186
29,consumer_cyclical,0.103999995
29,basic_materials,0.0624
29,consumer_defensive,0.1097
29,technology,0.072399996
29,communication_services,0.0372
29,financial_services,0.17629999
29,utilities,0.037
29,industrials,0.16370001
29,energy,0.0629
29,healthcare,0.1558
30,realestate,0.0176
30,consumer_cyclical,0.106000006
30,basic_materials,0.0669
30,consumer_defensive,0.114700004
30,technology,0.0706
30,communication_services,0.0363
30,financial_services,0.1722
30,utilities,0.0375
30,industrials,0.1612
30,energy,0.0614
30,healthcare,0.1558
31,realestate,0.0557
31,consumer_cyclical,0.0561
31,basic_materials,0.2475
31,consumer_defensive,0.0523
31,technology,0.016
31,communication_services,0.0187
31,financial_services,0.33810002
31,utilities,0.0062
31,industrials,0.043899998
31,energy,0.0701
31,healthcare,0.0953
32,realestate,0.0639
32,consumer_cyclical,0
32,basic_materials,0.106800005
32,consumer_defensive,0.0117999995
32,technology,0.0241
32,communication_services,0
32,financial_services,0.3729
32,utilities,0.1305
32,industrials,0.1385
32,energy,0.1514
32,healthcare,0
33,realestate,0.0185
33,consumer_cyclical,0.1058
33,basic_materials,0.066199996
33,consumer_defensive,0.1116
33,technology,0.072
33,communication_services,0.0376
33,financial_services,0.1674
33,utilities,0.0373
33,industrials,0.16549999
33,energy,0.0636
33,healthcare,0.15439999
34,realestate,0.0136
34,consumer_cyclical,0.2522
34,basic_materials,0.113400005
34,consumer_defensive,0.1062
34,technology,0.0404
34,communication_services,0.0541
34,financial_services,0.099
34,utilities,0.056199998
34,industrials,0.1758
34,energy,0.0612
34,healthcare,0.0278
35,realestate,0
35,consumer_cyclical,0
35,basic_materials,0
35,consumer_defensive,0
35,technology,0.9326
35,communication_services,0.0635
35,financial_services,0.0015
35,utilities,0
35,industrials,0.0023
35,energy,0
35,healthcare,0
36,realestate,0
36,consumer_cyclical,0.021300001
36,basic_materials,0.0064999997
36,consumer_defensive,0
36,technology,0
36,communication_services,0
36,financial_services,0.0016
36,utilities,0.6104
36,industrials,0.36020002
36,energy,0
36,healthcare,0
37,realestate,0.0069
37,consumer_cyclical,0.195
37,basic_materials,0.060599998
37,consumer_defensive,0.1034
37,technology,0.051
37,communication_services,0.0275
37,financial_services,0.103999995
37,utilities,0.015800001
37,industrials,0.24120001
37,energy,0.0836
37,healthcare,0.111
38,realestate,0.0271
38,consumer_cyclical,0.1244
38,basic_materials,0.0577
38,consumer_defensive,0.1073
38,technology,0.0937
38,communication_services,0.0462
38,financial_services,0.2057
38,utilities,0.025999999
38,industrials,0.1591
38,energy,0.0025
38,healthcare,0.1504
39,realestate,0.0064
39,consumer_cyclical,0.0339
39,basic_materials,0.089899994
39,consumer_defensive,0.1443
39,technology,0.1311
39,communication_services,0.023699999
39,financial_services,0.1417
39,utilities,0.0055
39,industrials,0.1415
39,energy,0.050100002
39,healthcare,0.2318
40,realestate,0
40,consumer_cyclical,0.1451
40,basic_materials,0.34759998
40,consumer_defensive,0.19610001
40,technology,0.0428
40,communication_services,0
40,financial_services,0
40,utilities,0
40,industrials,0.17809999
40,energy,0
40,healthcare,0.0904
41,realestate,0.0248
41,consumer_cyclical,0.111499995
41,basic_materials,0.074
41,consumer_defensive,0.097200006
41,technology,0.0851
41,communication_services,0.0414
41,financial_services,0.1887
41,utilities,0.0311
41,industrials,0.16139999
41,energy,0.048899997
41,healthcare,0.1359
42,realestate,0.0249
42,consumer_cyclical,0.1086
42,basic_materials,0.0738
42,consumer_defensive,0.0979
42,technology,0.0825
42,communication_services,0.0419
42,financial_services,0.1903
42,utilities,0.031600002
42,industrials,0.1619
42,energy,0.0497
42,healthcare,0.1371
43,realestate,0.0053
43,consumer_cyclical,0.1011
43,basic_materials,0.1066
43,consumer_defensive,0.136
43,technology,0.086
43,communication_services,0.0347
43,financial_services,0.0544
43,utilities,0.0026
43,industrials,0.115200005
43,energy,0.1554
43,healthcare,0.2028
44,realestate,0.009
44,consumer_cyclical,0.131
44,basic_materials,0.0364
44,consumer_defensive,0.1087
44,technology,0.0654
44,communication_services,0.0645
44,financial_services,0.1364
44,utilities,0.0497
44,industrials,0.1314
44,energy,0.097600006
44,healthcare,0.1701
45,realestate,0.0069999998
45,consumer_cyclical,0.1603
45,basic_materials,0.0558
45,consumer_defensive,0.0922
45,technology,0.072399996
45,communication_services,0.039100002
45,financial_services,0.18270001
45,utilities,0.0254
45,industrials,0.21090001
45,energy,0.0287
45,healthcare,0.1254
46,realestate,0.0233
46,consumer_cyclical,0.1649
46,basic_materials,0.060100004
46,consumer_defensive,0.1464
46,technology,0.165
46,communication_services,0.042600002
46,financial_services,0.039300002
46,utilities,0.0174
46,industrials,0.17459999
46,energy,0
46,healthcare,0.1663
47,realestate,0
47,consumer_cyclical,0
47,basic_materials,0.0793
47,consumer_defensive,0
47,technology,0.113299996
47,communication_services,0
47,financial_services,0
47,utilities,0.119899996
47,industrials,0.565
47,energy,0
47,healthcare,0.1225
48,realestate,0.0249
48,consumer_cyclical,0.115100004
48,basic_materials,0.0791
48,consumer_defensive,0.090299994
48,technology,0.0829
48,communication_services,0.0585
48,financial_services,0.2061
48,utilities,0.028900001
48,industrials,0.1497
48,energy,0.06
48,healthcare,0.1046
49,realestate,0.0877
49,consumer_cyclical,0.0712
49,basic_materials,0.03
49,consumer_defensive,0.18969999
49,technology,0.0217
49,communication_services,0.121400006
49,financial_services,0.1423
49,utilities,0.0879
49,industrials,0.1868
49,energy,0
49,healthcare,0.061300002
50,realestate,0
50,consumer_cyclical,0.074499995
50,basic_materials,0.0645
50,consumer_defensive,0.0884
50,technology,0.1261
50,communication_services,0.0963
50,financial_services,0.1445
50,utilities,0
50,industrials,0.118999995
50,energy,0.0507
50,healthcare,0.236
51,realestate,0.082399994
51,consumer_cyclical,0.0104
51,basic_materials,0.0442
51,consumer_defensive,0.0452
51,technology,0
51,communication_services,0.1259
51,financial_services,0
51,utilities,0.1823
51,industrials,0.17639999
51,energy,0
51,healthcare,0.3332
52,realestate,0
52,consumer_cyclical,0
52,basic_materials,0
52,consumer_defensive,0
52,technology,0.9949
52,communication_services,0
52,financial_services,0
52,utilities,0
52,industrials,0.0050999997
52,energy,0
52,healthcare,0
53,realestate,0
53,consumer_cyclical,0.0052
53,basic_materials,0.055
53,consumer_defensive,0
53,technology,0.028299998
53,communication_services,0
53,financial_services,0
53,utilities,0.3797
53,industrials,0.5287
53,energy,0.0031
53,healthcare,0
54,realestate,0.0041
54,consumer_cyclical,0.0442
54,basic_materials,0.09770001
54,consumer_defensive,0.0166
54,technology,0.0739
54,communication_services,0.1019
54,financial_services,0.18030001
54,utilities,0.2062
54,industrials,0.0634
54,energy,0.13229999
54,healthcare,0.0794
56,realestate,0.0165
56,consumer_cyclical,0.1029
56,basic_materials,0.0799
56,consumer_defensive,0.1233
56,technology,0.0691
56,communication_services,0.0577
56,financial_services,0.16219999
56,utilities,0.0396
56,industrials,0.1543
56,energy,0.0358
56,healthcare,0.159
57,realestate,0.023
57,consumer_cyclical,0.1557
57,basic_materials,0.0763
57,consumer_defensive,0.026099999
57,technology,0.1532
57,communication_services,0.0573
57,financial_services,0.1918
57,utilities,0.041199997
57,industrials,0.1711
57,energy,0
57,healthcare,0.1043
58,realestate,0.023
58,consumer_cyclical,0.1557
58,basic_materials,0.0763
58,consumer_defensive,0.026099999
58,technology,0.1532
58,communication_services,0.0573
58,financial_services,0.1918
58,utilities,0.041199997
58,industrials,0.1711
58,energy,0
58,healthcare,0.1043
59,realestate,0.0231
59,consumer_cyclical,0.0588
59,basic_materials,0.216
59,consumer_defensive,0.038
59,technology,0
59,communication_services,0.2283
59,financial_services,0.3691
59,utilities,0
59,industrials,0.0212
59,energy,0.0113
59,healthcare,0.0343
60,realestate,0.0168
60,consumer_cyclical,0.0301
60,basic_materials,0.0547
60,consumer_defensive,0.1263
60,technology,0.0689
60,communication_services,0.0255
60,financial_services,0.28
60,utilities,0.089499995
60,industrials,0.1157
60,energy,0.0308
60,healthcare,0.1619
61,realestate,0.0535
61,consumer_cyclical,0.1294
61,basic_materials,0.082600005
61,consumer_defensive,0.0758
61,technology,0.0546
61,communication_services,0.0762
61,financial_services,0.1709
61,utilities,0.0446
61,industrials,0.1251
61,energy,0.08270001
61,healthcare,0.1046
62,realestate,0
62,consumer_cyclical,0
62,basic_materials,0
62,consumer_defensive,0
62,technology,1
62,communication_services,0
62,financial_services,0
62,utilities,0
62,industrials,0
62,energy,0
62,healthcare,0
64,realestate,0.0431
64,consumer_cyclical,0.0771
64,basic_materials,0.0325
64,consumer_defensive,0.0224
64,technology,0.42130002
64,communication_services,0.0251
64,financial_services,0.14899999
64,utilities,0.0014
64,industrials,0.1031
64,energy,0
64,healthcare,0.125
65,realestate,0.0348
65,consumer_cyclical,0.1157
65,basic_materials,0.0747
65,consumer_defensive,0.0924
65,technology,0.087
65,communication_services,0.0418
65,financial_services,0.17889999
65,utilities,0.030299999
65,industrials,0.17040001
65,energy,0.0466
65,healthcare,0.1272
66,realestate,0.0146
66,consumer_cyclical,0.0655
66,basic_materials,0.0431
66,consumer_defensive,0.028499998
66,technology,0.0695
66,communication_services,0.0194
66,financial_services,0.29659998
66,utilities,0
66,industrials,0.4454
66,energy,0
66,healthcare,0.0174
67,realestate,0.0638
67,consumer_cyclical,0.115
67,basic_materials,0.0696
67,consumer_defensive,0.04
67,technology,0.0177
67,communication_services,0.041300002
67,financial_services,0.21149999
67,utilities,0.0432
67,industrials,0.2458
67,energy,0
67,healthcare,0.152
68,realestate,0.0919
68,consumer_cyclical,0.204
68,basic_materials,0.0313
68,consumer_defensive,0.0695
68,technology,0.0738
68,communication_services,0.0634
68,financial_services,0.1618
68,utilities,0.0154
68,industrials,0.2006
68,energy,0.03
68,healthcare,0.0583
70,realestate,0.033299997
70,consumer_cyclical,0.109799996
70,basic_materials,0.0794
70,consumer_defensive,0.0861
70,technology,0.0858
70,communication_services,0.0395
70,financial_services,0.1924
70,utilities,0.0305
70,industrials,0.16540001
70,energy,0.063200004
70,healthcare,0.1146
71,realestate,0.006
71,consumer_cyclical,0.056199998
71,basic_materials,0.1042
71,consumer_defensive,0.0353
71,technology,0.0832
71,communication_services,0.015800001
71,financial_services,0.348
71,utilities,0.028900001
71,industrials,0.1296
71,energy,0.1929
71,healthcare,0
72,realestate,0.006
72,consumer_cyclical,0.056199998
72,basic_materials,0.1042
72,consumer_defensive,0.0353
72,technology,0.0832
72,communication_services,0.015800001
72,financial_services,0.348
72,utilities,0.028900001
72,industrials,0.1296
72,energy,0.1929
72,healthcare,0
73,realestate,0.095699996
73,consumer_cyclical,0.060700003
73,basic_materials,0.16229999
73,consumer_defensive,0.0418
73,technology,0.014400001
73,communication_services,0.026500002
73,financial_services,0.38189998
73,utilities,0.0257
73,industrials,0.0771
73,energy,0.0456
73,healthcare,0.0684
74,realestate,0
74,consumer_cyclical,0.1808
74,basic_materials,0.033299997
74,consumer_defensive,0
74,technology,0.3061
74,communication_services,0
74,financial_services,0
74,utilities,0.0559
74,industrials,0.42400002
74,energy,0
74,healthcare,0
75,realestate,0.0293
75,consumer_cyclical,0.105900005
75,basic_materials,0.0248
75,consumer_defensive,0.0723
75,technology,0.32840002
75,communication_services,0.0926
75,financial_services,0.1182
75,utilities,0.0104
75,industrials,0.090500005
75,energy,0.0173
75,healthcare,0.1103
76,realestate,0.0361
76,consumer_cyclical,0.0915
76,basic_materials,0.0928
76,consumer_defensive,0.0602
76,technology,0.0146
76,communication_services,0.0433
76,financial_services,0.2875
76,utilities,0.0539
76,industrials,0.1368
76,energy,0.0919
76,healthcare,0.0916
77,realestate,0
77,consumer_cyclical,0
77,basic_materials,0
77,consumer_defensive,0
77,technology,0
77,communication_services,0
77,financial_services,1
77,utilities,0
77,industrials,0
77,energy,0
77,healthcare,0
78,realestate,0
78,consumer_cyclical,0
78,basic_materials,0
78,consumer_defensive,0.0016
78,technology,0
78,communication_services,0
78,financial_services,0.0031
78,utilities,0
78,industrials,0
78,energy,0
78,healthcare,0.9952
79,realestate,0.0229
79,consumer_cyclical,0.1028
79,basic_materials,0.089499995
79,consumer_defensive,0.0713
79,technology,0.064
79,communication_services,0.0469
79,financial_services,0.2551
79,utilities,0.0421
79,industrials,0.1397
79,energy,0.09689999
79,healthcare,0.0688
80,realestate,0.174
80,consumer_cyclical,0.0655
80,basic_materials,0.0704
80,consumer_defensive,0.2035
80,technology,0.0538
80,communication_services,0.012
80,financial_services,0
80,utilities,0.0356
80,industrials,0.1826
80,energy,0
80,healthcare,0.2027
81,realestate,0.028399998
81,consumer_cyclical,0.114300005
81,basic_materials,0.079
81,consumer_defensive,0.0865
81,technology,0.1018
81,communication_services,0.0438
81,financial_services,0.18059999
81,utilities,0.0295
81,industrials,0.165
81,energy,0.058000002
81,healthcare,0.113199994
82,realestate,0
82,consumer_cyclical,0
82,basic_materials,0
82,consumer_defensive,0
82,technology,1
82,communication_services,0
82,financial_services,0
82,utilities,0
82,industrials,0
82,energy,0
82,healthcare,0
84,realestate,0.09729999
84,consumer_cyclical,0.0252
84,basic_materials,0.0517
84,consumer_defensive,0.2733
84,technology,0.020599999
84,communication_services,0.0145000005
84,financial_services,0.1915
84,utilities,0.0198
84,industrials,0.081099994
84,energy,0.0187
84,healthcare,0.20629999
85,realestate,0.056399997
85,consumer_cyclical,0.1321
85,basic_materials,0.1355
85,consumer_defensive,0.0952
85,technology,0.0757
85,communication_services,0.0424
85,financial_services,0.26860002
85,utilities,0.1086
85,industrials,0.0508
85,energy,0.0016
85,healthcare,0.033099998
86,realestate,0
86,consumer_cyclical,0.1262
86,basic_materials,0.0788
86,consumer_defensive,0.020499999
86,technology,0.1042
86,communication_services,0.0086
86,financial_services,0.3318
86,utilities,0.0313
86,industrials,0.2364
86,energy,0.0091
86,healthcare,0.0531
87,realestate,0
87,consumer_cyclical,0
87,basic_materials,0
87,consumer_defensive,0
87,technology,0.8514
87,communication_services,0.1441
87,financial_services,0.0018000001
87,utilities,0
87,industrials,0.0028
87,energy,0
87,healthcare,0
88,realestate,0.0163
88,consumer_cyclical,0.070199996
88,basic_materials,0.0309
88,consumer_defensive,0.15020001
88,technology,0.0341
88,communication_services,0.089899994
88,financial_services,0.1573
88,utilities,0.0805
88,industrials,0.1601
88,energy,0.0186
88,healthcare,0.1919
89,realestate,0.0332
89,consumer_cyclical,0.1087
89,basic_materials,0.0779
89,consumer_defensive,0.0808
89,technology,0.1014
89,communication_services,0.0397
89,financial_services,0.1903
89,utilities,0.0291
89,industrials,0.169
89,energy,0.0589
89,healthcare,0.1109
90,realestate,0
90,consumer_cyclical,0
90,basic_materials,0
90,consumer_defensive,1
90,technology,0
90,communication_services,0
90,financial_services,0
90,utilities,0
90,industrials,0
90,energy,0
90,healthcare,0
91,realestate,0.0779
91,consumer_cyclical,0
91,basic_materials,0
91,consumer_defensive,0
91,technology,0.6361
91,communication_services,0.2624
91,financial_services,0
91,utilities,0
91,industrials,0.023699999
91,energy,0
91,healthcare,0
92,realestate,0.0269
92,consumer_cyclical,0.109799996
92,basic_materials,0.039
92,consumer_defensive,0.071100004
92,technology,0.2322
92,communication_services,0.0716
92,financial_services,0.144
92,utilities,0.0229
92,industrials,0.1094
92,energy,0.0504
92,healthcare,0.122600004
93,realestate,0
93,consumer_cyclical,0
93,basic_materials,0.0396
93,consumer_defensive,0.012200001
93,technology,0.0809
93,communication_services,0
93,financial_services,0
93,utilities,0.1865
93,industrials,0.5221
93,energy,0
93,healthcare,0.1587
94,realestate,0
94,consumer_cyclical,0
94,basic_materials,0
94,consumer_defensive,0.97370005
94,technology,0
94,communication_services,0
94,financial_services,0
94,utilities,0
94,industrials,0
94,energy,0
94,healthcare,0.026300002
95,realestate,0.0701
95,consumer_cyclical,0.1089
95,basic_materials,0.0943
95,consumer_defensive,0.0752
95,technology,0.0746
95,communication_services,0.0502
95,financial_services,0.1702
95,utilities,0.0461
95,industrials,0.2009
95,energy,0.041500002
95,healthcare,0.068
96,realestate,0.0255
96,consumer_cyclical,0
96,basic_materials,0
96,consumer_defensive,0
96,technology,0.0092
96,communication_services,0
96,financial_services,0
96,utilities,0.6931
96,industrials,0.024300002
96,energy,0.24790001
96,healthcare,0
97,realestate,0.031400003
97,consumer_cyclical,0.162
97,basic_materials,0.046
97,consumer_defensive,0.0573
97,technology,0.1608
97,communication_services,0.07
97,financial_services,0.1274
97,utilities,0.0117999995
97,industrials,0.2367
97,energy,0.009
97,healthcare,0.0875
98,realestate,0.031400003
98,consumer_cyclical,0.162
98,basic_materials,0.046
98,consumer_defensive,0.0573
98,technology,0.1608
98,communication_services,0.07
98,financial_services,0.1274
98,utilities,0.0117999995
98,industrials,0.2367
98,energy,0.009
98,healthcare,0.0875
99,realestate,0
99,consumer_cyclical,0
99,basic_materials,0
99,consumer_defensive,0
99,technology,0
99,communication_services,0
99,financial_services,0
99,utilities,0.97980005
99,industrials,0.012999999
99,energy,0.0072000003
99,healthcare,0
100,realestate,0
100,consumer_cyclical,0.0963
100,basic_materials,0.0327
100,consumer_defensive,0.1003
100,technology,0.19440001
100,communication_services,0.0675
100,financial_services,0.1713
100,utilities,0
100,industrials,0.1301
100,energy,0.0352
100,healthcare,0.1721
101,realestate,0.1396
101,consumer_cyclical,0.0328
101,basic_materials,0.0475
101,consumer_defensive,0.1105
101,technology,0.04
101,communication_services,0.12550001
101,financial_services,0.1254
101,utilities,0.2117
101,industrials,0.0704
101,energy,0.030299999
101,healthcare,0.066199996
102,realestate,0
102,consumer_cyclical,0.0785
102,basic_materials,0.0167
102,consumer_defensive,0.0162
102,technology,0.2865
102,communication_services,0.0986
102,financial_services,0.39990002
102,utilities,0.0296
102,industrials,0.052800003
102,energy,0.0085
102,healthcare,0.0128
103,realestate,0.0064
103,consumer_cyclical,0.0575
103,basic_materials,0.08180001
103,consumer_defensive,0.0154
103,technology,0.0273
103,communication_services,0.096099995
103,financial_services,0.29950002
103,utilities,0.00029999999
103,industrials,0.0845
103,energy,0.2759
103,healthcare,0.0553
104,realestate,0
104,consumer_cyclical,0.1301
104,basic_materials,0.0101
104,consumer_defensive,0.0712
104,technology,0.1808
104,communication_services,0.0223
104,financial_services,0.1989
104,utilities,0
104,industrials,0.1462
104,energy,0.0332
104,healthcare,0.20729999
105,realestate,0.0533
105,consumer_cyclical,0.2175
105,basic_materials,0.0414
105,consumer_defensive,0.036
105,technology,0.0356
105,communication_services,0.045
105,financial_services,0.22709998
105,utilities,0.0198
105,industrials,0.2726
105,energy,0.0166
105,healthcare,0.0353
106,realestate,0.0211
106,consumer_cyclical,0.17790002
106,basic_materials,0.15609999
106,consumer_defensive,0.038900003
106,technology,0.045700002
106,communication_services,0.0427
106,financial_services,0.0954
106,utilities,0.048
106,industrials,0.2619
106,energy,0.095
106,healthcare,0.0175
107,realestate,0.025899999
107,consumer_cyclical,0.1034
107,basic_materials,0.0235
107,consumer_defensive,0.068
107,technology,0.2994
107,communication_services,0.0805
107,financial_services,0.1088
107,utilities,0.021
107,industrials,0.0896
107,energy,0.0476
107,healthcare,0.13239999
108,realestate,0
108,consumer_cyclical,0.1007
108,basic_materials,0
108,consumer_defensive,0.0117999995
108,technology,0.5872
108,communication_services,0.0279
108,financial_services,0.015700001
108,utilities,0
108,industrials,0.2133
108,energy,0
108,healthcare,0.0435
109,realestate,0.027
109,consumer_cyclical,0.1089
109,basic_materials,0.039
109,consumer_defensive,0.0715
109,technology,0.2317
109,communication_services,0.0716
109,financial_services,0.1442
109,utilities,0.023
109,industrials,0.109799996
109,energy,0.050300002
109,healthcare,0.123100005
110,realestate,0
110,consumer_cyclical,0.026800001
110,basic_materials,0
110,consumer_defensive,0
110,technology,0.9186
110,communication_services,0.0546
110,financial_services,0
110,utilities,0
110,industrials,0
110,energy,0
110,healthcare,0
111,realestate,0.0257
111,consumer_cyclical,0.1201
111,basic_materials,0.0541
111,consumer_defensive,0.0729
111,technology,0.1472
111,communication_services,0.0848
111,financial_services,0.1193
111,utilities,0.012999999
111,industrials,0.2493
111,energy,0.0117999995
111,healthcare,0.1017
112,realestate,0
112,consumer_cyclical,0
112,basic_materials,0.0002
112,consumer_defensive,0
112,technology,0.9935
112,communication_services,0.0019
112,financial_services,0.001
112,utilities,0
112,industrials,0.0033000002
112,energy,0
112,healthcare,0.0001
113,realestate,0.16129999
113,consumer_cyclical,0.073
113,basic_materials,0
113,consumer_defensive,0.0307
113,technology,0.0374
113,communication_services,0.045300003
113,financial_services,0.4892
113,utilities,0
113,industrials,0.16309999
113,energy,0
113,healthcare,0
114,realestate,0
114,consumer_cyclical,0.157
114,basic_materials,0
114,consumer_defensive,0.1319
114,technology,0.14039999
114,communication_services,0
114,financial_services,0
114,utilities,0
114,industrials,0.3418
114,energy,0
114,healthcare,0.2289
115,realestate,0
115,consumer_cyclical,0.0032
115,basic_materials,0.0064999997
115,consumer_defensive,0.0022
115,technology,0.0150999995
115,communication_services,0
115,financial_services,0.0017
115,utilities,0
115,industrials,0.97019994
115,energy,0.0011
115,healthcare,0
116,realestate,0.0056
116,consumer_cyclical,0.077199996
116,basic_materials,0.048299998
116,consumer_defensive,0.08229999
116,technology,0.1547
116,communication_services,0.0257
116,financial_services,0.1514
116,utilities,0.0253
116,industrials,0.3823
116,energy,0.0091
116,healthcare,0.0382
117,realestate,0.0174
117,consumer_cyclical,0.1159
117,basic_materials,0.077
117,consumer_defensive,0.0825
117,technology,0.1225
117,communication_services,0.0581
117,financial_services,0.2028
117,utilities,0.028900001
117,industrials,0.1305
117,energy,0.0634
117,healthcare,0.101
118,realestate,0.0145000005
118,consumer_cyclical,0.1306
118,basic_materials,0.0558
118,consumer_defensive,0.054899998
118,technology,0.2054
118,communication_services,0.121400006
118,financial_services,0.2551
118,utilities,0.0154
118,industrials,0.057600003
118,energy,0.045900002
118,healthcare,0.0434
119,realestate,0
119,consumer_cyclical,0
119,basic_materials,0.0322
119,consumer_defensive,0
119,technology,0.3166
119,communication_services,0
119,financial_services,0
119,utilities,0.5105
119,industrials,0.1407
119,energy,0
119,healthcare,0
120,realestate,0
120,consumer_cyclical,0.0058999998
120,basic_materials,0.0183
120,consumer_defensive,0.8792
120,technology,0
120,communication_services,0
120,financial_services,0
120,utilities,0
120,industrials,0.0005
120,energy,0
120,healthcare,0.096099995
121,realestate,0.0248
121,consumer_cyclical,0.0725
121,basic_materials,0.1407
121,consumer_defensive,0.0326
121,technology,0.1909
121,communication_services,0.0134000005
121,financial_services,0.0335
121,utilities,0
121,industrials,0.1075
121,energy,0.2709
121,healthcare,0.113199994
123,realestate,0.0315
123,consumer_cyclical,0.069299996
123,basic_materials,0.1582
123,consumer_defensive,0.0335
123,technology,0.0036000002
123,communication_services,0.0444
123,financial_services,0.27040002
123,utilities,0.141
123,industrials,0.1694
123,energy,0.078600004
123,healthcare,0
124,realestate,0
124,consumer_cyclical,0
124,basic_materials,0
124,consumer_defensive,0
124,technology,0.9949
124,communication_services,0
124,financial_services,0
124,utilities,0
124,industrials,0.0050999997
124,energy,0
124,healthcare,0
125,realestate,0
125,consumer_cyclical,0.0234
125,basic_materials,0.0143
125,consumer_defensive,0
125,technology,0.0592
125,communication_services,0
125,financial_services,0
125,utilities,0.23879999
125,industrials,0.6642
125,energy,0
125,healthcare,0
126,realestate,0
126,consumer_cyclical,0
126,basic_materials,0
126,consumer_defensive,0
126,technology,0
126,communication_services,0
126,financial_services,0
126,utilities,0.38729998
126,industrials,0.4083
126,energy,0.2044
126,healthcare,0
127,realestate,0
127,consumer_cyclical,0
127,basic_materials,0
127,consumer_defensive,0
127,technology,0
127,communication_services,0
127,financial_services,0
127,utilities,0.38759997
127,industrials,0.4078
127,energy,0.20459999
127,healthcare,0
128,realestate,0.0832
128,consumer_cyclical,0.4752
128,basic_materials,0.4161
128,consumer_defensive,0.0018000001
128,technology,0.001
128,communication_services,0.0002
128,financial_services,0.0011999999
128,utilities,0.00029999999
128,industrials,0.0199
128,energy,0.0008
128,healthcare,0.0004
129,realestate,0.02
129,consumer_cyclical,0.1183
129,basic_materials,0.078
129,consumer_defensive,0.0874
129,technology,0.066
129,communication_services,0.0375
129,financial_services,0.2078
129,utilities,0.033299997
129,industrials,0.171
129,energy,0.0625
129,healthcare,0.1182
130,realestate,0
130,consumer_cyclical,0
130,basic_materials,0
130,consumer_defensive,0
130,technology,0.6999
130,communication_services,0.2084
130,financial_services,0.0917
130,utilities,0
130,industrials,0
130,energy,0
130,healthcare,0
131,realestate,0.019
131,consumer_cyclical,0.1366
131,basic_materials,0.0117
131,consumer_defensive,0.025799999
131,technology,0.4484
131,communication_services,0.1161
131,financial_services,0.063
131,utilities,0
131,industrials,0.0575
131,energy,0.0216
131,healthcare,0.1004
132,realestate,0
132,consumer_cyclical,0
132,basic_materials,0
132,consumer_defensive,0.9922
132,technology,0
132,communication_services,0
132,financial_services,0
132,utilities,0
132,industrials,0
132,energy,0
132,healthcare,0.0078
133,realestate,0.069
133,consumer_cyclical,0.1146
133,basic_materials,0.059899997
133,consumer_defensive,0.0721
133,technology,0.13949999
133,communication_services,0.0442
133,financial_services,0.1558
133,utilities,0.0325
133,industrials,0.1602
133,energy,0
133,healthcare,0.1521
134,realestate,0.111899994
134,consumer_cyclical,0.08229999
134,basic_materials,0.0373
134,consumer_defensive,0.18280001
134,technology,0.0179
134,communication_services,0.089700006
134,financial_services,0.184
134,utilities,0.0684
134,industrials,0.17639999
134,energy,0.0099
134,healthcare,0.039300002
135,realestate,0.0091
135,consumer_cyclical,0.1557
135,basic_materials,0.1361
135,consumer_defensive,0.031400003
135,technology,0.0621
135,communication_services,0.044
135,financial_services,0.1369
135,utilities,0.0495
135,industrials,0.2541
135,energy,0.0938
135,healthcare,0.0274
136,realestate,0
136,consumer_cyclical,0
136,basic_materials,0
136,consumer_defensive,0
136,technology,0
136,communication_services,0
136,financial_services,0
136,utilities,0
136,industrials,0
136,energy,0
136,healthcare,1
137,realestate,0.021300001
137,consumer_cyclical,0.112799995
137,basic_materials,0.0784
137,consumer_defensive,0.082100004
137,technology,0.1182
137,communication_services,0.0561
137,financial_services,0.2101
137,utilities,0.0293
137,industrials,0.1322
137,energy,0.060900003
137,healthcare,0.098500006
138,realestate,0.021300001
138,consumer_cyclical,0.1107
138,basic_materials,0.078200005
138,consumer_defensive,0.0825
138,technology,0.1169
138,communication_services,0.056399997
138,financial_services,0.21129999
138,utilities,0.0295
138,industrials,0.13229999
138,energy,0.0618
138,healthcare,0.0991
139,realestate,0
139,consumer_cyclical,0
139,basic_materials,0
139,consumer_defensive,0
139,technology,0
139,communication_services,0
139,financial_services,0
139,utilities,0
139,industrials,0
139,energy,1
139,healthcare,0
140,realestate,0.0058
140,consumer_cyclical,0.0344
140,basic_materials,0.026800001
140,consumer_defensive,0.0573
140,technology,0.3101
140,communication_services,0.051799998
140,financial_services,0.1016
140,utilities,0
140,industrials,0.099300005
140,energy,0.1287
140,healthcare,0.1842
141,realestate,0.0269
141,consumer_cyclical,0.1089
141,basic_materials,0.039
141,consumer_defensive,0.0715
141,technology,0.2317
141,communication_services,0.0716
141,financial_services,0.1442
141,utilities,0.023
141,industrials,0.109799996
141,energy,0.050300002
141,healthcare,0.123100005
142,realestate,0.0392
142,consumer_cyclical,0.123900004
142,basic_materials,0.0621
142,consumer_defensive,0.0766
142,technology,0.14819999
142,communication_services,0.0557
142,financial_services,0.2466
142,utilities,0.0086
142,industrials,0.113299996
142,energy,0.00090000004
142,healthcare,0.1248
143,realestate,0.0635
143,consumer_cyclical,0.13520001
143,basic_materials,0.08979999
143,consumer_defensive,0.0558
143,technology,0.1086
143,communication_services,0.051799998
143,financial_services,0.1881
143,utilities,0.0183
143,industrials,0.1893
143,energy,0.021300001
143,healthcare,0.078200005
144,realestate,0.0207
144,consumer_cyclical,0.2056
144,basic_materials,0
144,consumer_defensive,0.026099999
144,technology,0.0183
144,communication_services,0.0188
144,financial_services,0.2859
144,utilities,0.1834
144,industrials,0.10560001
144,energy,0.0784
144,healthcare,0.0573
145,realestate,0.0111
145,consumer_cyclical,0.0688
145,basic_materials,0.038599998
145,consumer_defensive,0.089499995
145,technology,0.1943
145,communication_services,0.096099995
145,financial_services,0.14649999
145,utilities,0.0352
145,industrials,0.1153
145,energy,0.038
145,healthcare,0.1666
146,realestate,0.0787
146,consumer_cyclical,0.1252
146,basic_materials,0.0505
146,consumer_defensive,0.052800003
146,technology,0.0986
146,communication_services,0.0505
146,financial_services,0.14840001
146,utilities,0.0238
146,industrials,0.2498
146,energy,0.041100003
146,healthcare,0.0806
147,realestate,0.0124
147,consumer_cyclical,0.0774
147,basic_materials,0.4993
147,consumer_defensive,0.0543
147,technology,0
147,communication_services,0
147,financial_services,0
147,utilities,0
147,industrials,0
147,energy,0.3566
147,healthcare,0
148,realestate,0.0257
148,consumer_cyclical,0.115200005
148,basic_materials,0.0777
148,consumer_defensive,0.0802
148,technology,0.1169
148,communication_services,0.0557
148,financial_services,0.20729999
148,utilities,0.030199999
148,industrials,0.14050001
148,energy,0.0533
148,healthcare,0.09729999
149,realestate,0.0167
149,consumer_cyclical,0.085
149,basic_materials,0.0884
149,consumer_defensive,0.050300002
149,technology,0.032899998
149,communication_services,0.049099997
149,financial_services,0.354
149,utilities,0.0498
149,industrials,0.0952
149,energy,0.1109
149,healthcare,0.067600004
150,realestate,0
150,consumer_cyclical,0.0484
150,basic_materials,0.023
150,consumer_defensive,0.8171
150,technology,0
150,communication_services,0
150,financial_services,0
150,utilities,0
150,industrials,0
150,energy,0
150,healthcare,0.111499995
151,realestate,0.0026
151,consumer_cyclical,0.10479999
151,basic_materials,0
151,consumer_defensive,0.0618
151,technology,0.5909
151,communication_services,0.1193
151,financial_services,0.0064
151,utilities,0.0029
151,industrials,0.0432
151,energy,0
151,healthcare,0.0682
152,realestate,0.0184
152,consumer_cyclical,0.0734
152,basic_materials,0.0431
152,consumer_defensive,0.1458
152,technology,0.0855
152,communication_services,0.018099999
152,financial_services,0.1163
152,utilities,0.21620001
152,industrials,0.1916
152,energy,0
152,healthcare,0.0916
153,realestate,0
153,consumer_cyclical,0.0531
153,basic_materials,0.937
153,consumer_defensive,0.0077
153,technology,0
153,communication_services,0
153,financial_services,0
153,utilities,0
153,industrials,0.0021
153,energy,0
153,healthcare,0
154,realestate,0.5694
154,consumer_cyclical,0
154,basic_materials,0.09729999
154,consumer_defensive,0.0211
154,technology,0
154,communication_services,0
154,financial_services,0
154,utilities,0.0498
154,industrials,0
154,energy,0.2624
154,healthcare,0
155,realestate,0.2074
155,consumer_cyclical,0.2148
155,basic_materials,0.0378
155,consumer_defensive,0.03
155,technology,0.14770001
155,communication_services,0.0004
155,financial_services,0.0034999999
155,utilities,0.076799996
155,industrials,0.2795
155,energy,0.0014
155,healthcare,0.0007
156,realestate,0.012999999
156,consumer_cyclical,0.0674
156,basic_materials,0
156,consumer_defensive,0.0004
156,technology,0.7379
156,communication_services,0.0698
156,financial_services,0.0559
156,utilities,0
156,industrials,0.0493
156,energy,0.0017
156,healthcare,0.0046
157,realestate,0
157,consumer_cyclical,0.0042
157,basic_materials,0
157,consumer_defensive,0
157,technology,0.0115
157,communication_services,0
157,financial_services,0
157,utilities,0.0089
157,industrials,0.0054
157,energy,0.97
157,healthcare,0
159,realestate,0.0465
159,consumer_cyclical,0
159,basic_materials,0.059499998
159,consumer_defensive,0
159,technology,0.0828
159,communication_services,0.0089
159,financial_services,0
159,utilities,0.2851
159,industrials,0.428
159,energy,0.08930001
159,healthcare,0
160,realestate,0.0664
160,consumer_cyclical,0
160,basic_materials,0
160,consumer_defensive,0
160,technology,0.7055
160,communication_services,0.2233
160,financial_services,0
160,utilities,0
160,industrials,0.0047
160,energy,0
160,healthcare,0
161,realestate,0.0269
161,consumer_cyclical,0.1089
161,basic_materials,0.039
161,consumer_defensive,0.0715
161,technology,0.2317
161,communication_services,0.0716
161,financial_services,0.1442
161,utilities,0.023
161,industrials,0.109799996
161,energy,0.050300002
161,healthcare,0.123100005
162,realestate,0
162,consumer_cyclical,0.1058
162,basic_materials,0.0197
162,consumer_defensive,0.0125
162,technology,0.057800002
162,communication_services,0.16389999
162,financial_services,0.0698
162,utilities,0.0178
162,industrials,0.2275
162,energy,0.0712
162,healthcare,0.254
163,realestate,0
163,consumer_cyclical,0
163,basic_materials,0
163,consumer_defensive,0
163,technology,0
163,communication_services,0
163,financial_services,0
163,utilities,0
163,industrials,0
163,energy,0
163,healthcare,1
164,realestate,0.0242
164,consumer_cyclical,0.0545
164,basic_materials,0.0298
164,consumer_defensive,0.0042
164,technology,0.5451
164,communication_services,0.0394
164,financial_services,0.0416
164,utilities,0.0218
164,industrials,0.0639
164,energy,0
164,healthcare,0.17549999
165,realestate,0
165,consumer_cyclical,0.2481
165,basic_materials,0.7519
165,consumer_defensive,0
165,technology,0
165,communication_services,0
165,financial_services,0
165,utilities,0
165,industrials,0
165,energy,0
165,healthcare,0
166,realestate,0
166,consumer_cyclical,0
166,basic_materials,0
166,consumer_defensive,0
166,technology,0
166,communication_services,0
166,financial_services,0
166,utilities,1
166,industrials,0
166,energy,0
166,healthcare,0
167,realestate,0
167,consumer_cyclical,0.0363
167,basic_materials,0
167,consumer_defensive,0
167,technology,0.88839996
167,communication_services,0.0688
167,financial_services,0
167,utilities,0
167,industrials,0
167,energy,0
167,healthcare,0.0064
168,realestate,0.0226
168,consumer_cyclical,0.091000006
168,basic_materials,0.0215
168,consumer_defensive,0.062800005
168,technology,0.296
168,communication_services,0.0933
168,financial_services,0.12020001
168,utilities,0.0232
168,industrials,0.0884
168,energy,0.0468
168,healthcare,0.1342
169,realestate,0
169,consumer_cyclical,0
169,basic_materials,0
169,consumer_defensive,0
169,technology,0
169,communication_services,0
169,financial_services,0
169,utilities,0.9363
169,industrials,0
169,energy,0.0637
169,healthcare,0
170,realestate,0
170,consumer_cyclical,0
170,basic_materials,0
170,consumer_defensive,0
170,technology,0.0256
170,communication_services,0
170,financial_services,0
170,utilities,0.8821
170,industrials,0.045100003
170,energy,0.047199998
170,healthcare,0
172,realestate,0
172,consumer_cyclical,0.0375
172,basic_materials,0
172,consumer_defensive,0
172,technology,0.322
172,communication_services,0.0728
172,financial_services,0
172,utilities,0.026800001
172,industrials,0.4764
172,energy,0.0645
172,healthcare,0
173,realestate,0
173,consumer_cyclical,0
173,basic_materials,0.32549998
173,consumer_defensive,0.3491
173,technology,0
173,communication_services,0
173,financial_services,0
173,utilities,0
173,industrials,0.3247
173,energy,0
173,healthcare,0.0007
174,realestate,0
174,consumer_cyclical,0.021
174,basic_materials,0.0403
174,consumer_defensive,0
174,technology,0.107700005
174,communication_services,0
174,financial_services,0.1826
174,utilities,0
174,industrials,0.6388
174,energy,0
174,healthcare,0.0097
175,realestate,0
175,consumer_cyclical,0.17899999
175,basic_materials,0
175,consumer_defensive,0
175,technology,0.70989996
175,communication_services,0.1112
175,financial_services,0
175,utilities,0
175,industrials,0
175,energy,0
175,healthcare,0
176,realestate,0
176,consumer_cyclical,0.1009
176,basic_materials,0.0052
176,consumer_defensive,0.0318
176,technology,0.4625
176,communication_services,0.1005
176,financial_services,0
176,utilities,0
176,industrials,0.1087
176,energy,0
176,healthcare,0.1903
177,realestate,0.0319
177,consumer_cyclical,0.1154
177,basic_materials,0.08
177,consumer_defensive,0.0763
177,technology,0.1184
177,communication_services,0.0531
177,financial_services,0.19620001
177,utilities,0.030199999
177,industrials,0.1461
177,energy,0.0585
177,healthcare,0.094
178,realestate,0.033099998
178,consumer_cyclical,0.066199996
178,basic_materials,0.0291
178,consumer_defensive,0.0876
178,technology,0.2292
178,communication_services,0.0462
178,financial_services,0.17379999
178,utilities,0.0295
178,industrials,0.0967
178,energy,0.097200006
178,healthcare,0.1114
179,realestate,0.030299999
179,consumer_cyclical,0.115200005
179,basic_materials,0.0817
179,consumer_defensive,0.0792
179,technology,0.1184
179,communication_services,0.0543
179,financial_services,0.19520001
179,utilities,0.0294
179,industrials,0.1423
179,energy,0.0584
179,healthcare,0.095699996
180,realestate,0
180,consumer_cyclical,0.0907
180,basic_materials,0.052800003
180,consumer_defensive,0
180,technology,0.0867
180,communication_services,0
180,financial_services,0.056999996
180,utilities,0
180,industrials,0.70989996
180,energy,0
180,healthcare,0.0028
181,realestate,0
181,consumer_cyclical,0
181,basic_materials,0
181,consumer_defensive,0
181,technology,0
181,communication_services,0
181,financial_services,0
181,utilities,0
181,industrials,0
181,energy,0
181,healthcare,1
182,realestate,0
182,consumer_cyclical,0.0143
182,basic_materials,0
182,consumer_defensive,0
182,technology,0.064899996
182,communication_services,0
182,financial_services,0
182,utilities,0
182,industrials,0.92080003
182,energy,0
182,healthcare,0
183,realestate,0.0064999997
183,consumer_cyclical,0.0999
183,basic_materials,0.0617
183,consumer_defensive,0.0736
183,technology,0.1312
183,communication_services,0.0738
183,financial_services,0.19319999
183,utilities,0.0324
183,industrials,0.1375
183,energy,0.0749
183,healthcare,0.1153
184,realestate,0.0432
184,consumer_cyclical,0.0005
184,basic_materials,0
184,consumer_defensive,0
184,technology,0.6845
184,communication_services,0.2
184,financial_services,0
184,utilities,0
184,industrials,0.0286
184,energy,0
184,healthcare,0.0431
185,realestate,0
185,consumer_cyclical,0.057800002
185,basic_materials,0.107200004
185,consumer_defensive,0.037100002
185,technology,0.15560001
185,communication_services,0
185,financial_services,0.0587
185,utilities,0.018099999
185,industrials,0.0713
185,energy,0.2959
185,healthcare,0.1983
186,realestate,0.0249
186,consumer_cyclical,0.10569999
186,basic_materials,0.0232
186,consumer_defensive,0.0557
186,technology,0.3023
186,communication_services,0.078200005
186,financial_services,0.1121
186,utilities,0.0224
186,industrials,0.0881
186,energy,0.050100002
186,healthcare,0.1373
187,realestate,0
187,consumer_cyclical,0
187,basic_materials,0.0021
187,consumer_defensive,0
187,technology,0
187,communication_services,0
187,financial_services,0
187,utilities,0
187,industrials,0
187,energy,0.9979
187,healthcare,0
188,realestate,0
188,consumer_cyclical,0.5003
188,basic_materials,0
188,consumer_defensive,0
188,technology,0
188,communication_services,0
188,financial_services,0
188,utilities,0
188,industrials,0.4997
188,energy,0
188,healthcare,0
189,realestate,0.0037
189,consumer_cyclical,0.1008
189,basic_materials,0.016
189,consumer_defensive,0.0929
189,technology,0.35979998
189,communication_services,0.088
189,financial_services,0.099300005
189,utilities,0.006
189,industrials,0.044699997
189,energy,0.060900003
189,healthcare,0.1278
190,realestate,0.0478
190,consumer_cyclical,0.096999995
190,basic_materials,0.0251
190,consumer_defensive,0.0311
190,technology,0.2615
190,communication_services,0.0733
190,financial_services,0.16479999
190,utilities,0.028199999
190,industrials,0.1319
190,energy,0
190,healthcare,0.1392
191,realestate,0.0531
191,consumer_cyclical,0.1102
191,basic_materials,0.056799997
191,consumer_defensive,0.069
191,technology,0.16690001
191,communication_services,0.049200002
191,financial_services,0.1254
191,utilities,0.0523
191,industrials,0.1238
191,energy,0.0699
191,healthcare,0.1234
192,realestate,0
192,consumer_cyclical,0
192,basic_materials,0
192,consumer_defensive,0.019199999
192,technology,0
192,communication_services,0
192,financial_services,0.0147
192,utilities,0
192,industrials,0
192,energy,0
192,healthcare,0.9661
193,realestate,0.1583
193,consumer_cyclical,0.0863
193,basic_materials,0.0627
193,consumer_defensive,0.115200005
193,technology,0.0223
193,communication_services,0.0614
193,financial_services,0.024600001
193,utilities,0.1673
193,industrials,0.0372
193,energy,0.1154
193,healthcare,0.14930001
194,realestate,0
194,consumer_cyclical,0
194,basic_materials,0
194,consumer_defensive,0
194,technology,0.84540004
194,communication_services,0.1513
194,financial_services,0.00029999999
194,utilities,0
194,industrials,0.003
194,energy,0
194,healthcare,0
195,realestate,0.0523
195,consumer_cyclical,0.09020001
195,basic_materials,0.0758
195,consumer_defensive,0.0174
195,technology,0.1549
195,communication_services,0.1078
195,financial_services,0.0332
195,utilities,0.0247
195,industrials,0.3037
195,energy,0
195,healthcare,0.14
196,realestate,0
196,consumer_cyclical,0
196,basic_materials,0
196,consumer_defensive,0
196,technology,0
196,communication_services,0
196,financial_services,0
196,utilities,1
196,industrials,0
196,energy,0
196,healthcare,0
197,realestate,0
197,consumer_cyclical,0
197,basic_materials,0.0028
197,consumer_defensive,0
197,technology,0
197,communication_services,0
197,financial_services,0
197,utilities,0
197,industrials,0.0005
197,energy,0
197,healthcare,0.99660003
198,realestate,0.0238
198,consumer_cyclical,0.0975
198,basic_materials,0.021
198,consumer_defensive,0.0637
198,technology,0.3401
198,communication_services,0.0318
198,financial_services,0.106800005
198,utilities,0.023599999
198,industrials,0.10609999
198,energy,0.053400002
198,healthcare,0.13229999
199,realestate,0.023699999
199,consumer_cyclical,0.108
199,basic_materials,0.039100002
199,consumer_defensive,0.0712
199,technology,0.22690001
199,communication_services,0.0732
199,financial_services,0.1454
199,utilities,0.0253
199,industrials,0.106000006
199,energy,0.0525
199,healthcare,0.1285
200,realestate,0
200,consumer_cyclical,0
200,basic_materials,0
200,consumer_defensive,0
200,technology,0
200,communication_services,0
200,financial_services,0
200,utilities,0
200,industrials,0
200,energy,0
200,healthcare,1
201,realestate,0.0233
201,consumer_cyclical,0.1224
201,basic_materials,0.0212
201,consumer_defensive,0.0627
201,technology,0.3042
201,communication_services,0.0871
201,financial_services,0.121700004
201,utilities,0.0135
201,industrials,0.0664
201,energy,0.041500002
201,healthcare,0.1361
202,realestate,0
202,consumer_cyclical,0.0953
202,basic_materials,0.90470004
202,consumer_defensive,0
202,technology,0
202,communication_services,0
202,financial_services,0
202,utilities,0
202,industrials,0
202,energy,0
202,healthcare,0
203,realestate,0
203,consumer_cyclical,0.0717
203,basic_materials,0.041500002
203,consumer_defensive,0.120699994
203,technology,0.2236
203,communication_services,0.0137
203,financial_services,0.1823
203,utilities,0.026700001
203,industrials,0.1297
203,energy,0.0353
203,healthcare,0.1547
204,realestate,0
204,consumer_cyclical,0
204,basic_materials,0
204,consumer_defensive,0
204,technology,0.0011
204,communication_services,0
204,financial_services,0
204,utilities,0.9942
204,industrials,0
204,energy,0.0047
204,healthcare,0
205,realestate,0.0232
205,consumer_cyclical,0.104499996
205,basic_materials,0.0387
205,consumer_defensive,0.0721
205,technology,0.23120001
205,communication_services,0.0735
205,financial_services,0.1466
205,utilities,0.026199998
205,industrials,0.0975
205,energy,0.0552
205,healthcare,0.1312
207,realestate,0
207,consumer_cyclical,0.0034999999
207,basic_materials,0
207,consumer_defensive,0
207,technology,0.0279
207,communication_services,0
207,financial_services,0
207,utilities,0
207,industrials,0.96860003
207,energy,0
207,healthcare,0
208,realestate,0.056199998
208,consumer_cyclical,0.13159999
208,basic_materials,0.091400005
208,consumer_defensive,0.052699998
208,technology,0.14770001
208,communication_services,0.0509
208,financial_services,0.1737
208,utilities,0.0167
208,industrials,0.1843
208,energy,0.0194
208,healthcare,0.0753
209,realestate,0.0013
209,consumer_cyclical,0.059
209,basic_materials,0.021300001
209,consumer_defensive,0.1065
209,technology,0.24379998
209,communication_services,0.0637
209,financial_services,0.120900005
209,utilities,0.0691
209,industrials,0.097799994
209,energy,0.023699999
209,healthcare,0.1928
210,realestate,0
210,consumer_cyclical,0.060599998
210,basic_materials,0.0247
210,consumer_defensive,0.10560001
210,technology,0.1596
210,communication_services,0.0152
210,financial_services,0.18620001
210,utilities,0.0665
210,industrials,0.111899994
210,energy,0.074
210,healthcare,0.19559999
211,realestate,0
211,consumer_cyclical,0.1333
211,basic_materials,0.0627
211,consumer_defensive,0.020499999
211,technology,0.3305
211,communication_services,0.0222
211,financial_services,0.0414
211,utilities,0
211,industrials,0.074200004
211,energy,0.1339
211,healthcare,0.1814
212,realestate,0.16860001
212,consumer_cyclical,0.1989
212,basic_materials,0.614
212,consumer_defensive,0
212,technology,0
212,communication_services,0
212,financial_services,0
212,utilities,0
212,industrials,0.0185
212,energy,0
212,healthcare,0
214,realestate,0
214,consumer_cyclical,0
214,basic_materials,0
214,consumer_defensive,0
214,technology,0
214,communication_services,0
214,financial_services,0
214,utilities,0
214,industrials,0.00090000004
214,energy,0.9991
214,healthcare,0
215,realestate,0.015700001
215,consumer_cyclical,0.244
215,basic_materials,0.115
215,consumer_defensive,0.0195
215,technology,0.085
215,communication_services,0.0056
215,financial_services,0.0505
215,utilities,0.066700004
215,industrials,0.333
215,energy,0.0519
215,healthcare,0.013099999
217,realestate,0.20709999
217,consumer_cyclical,0.106000006
217,basic_materials,0.0394
217,consumer_defensive,0.0509
217,technology,0.0298
217,communication_services,0.0275
217,financial_services,0.21790001
217,utilities,0.1469
217,industrials,0.0125
217,energy,0.0716
217,healthcare,0.090299994
218,realestate,0
218,consumer_cyclical,0
218,basic_materials,0.0026
218,consumer_defensive,0.0002
218,technology,0.0001
218,communication_services,0
218,financial_services,0.00029999999
218,utilities,0
218,industrials,0.00059999997
218,energy,0
218,healthcare,0.9962
219,realestate,0.0186
219,consumer_cyclical,0.061300002
219,basic_materials,0.027
219,consumer_defensive,0.13069999
219,technology,0.2022
219,communication_services,0.0202
219,financial_services,0.1731
219,utilities,0.0424
219,industrials,0.1228
219,energy,0.0543
219,healthcare,0.14739999
220,realestate,0.0107
220,consumer_cyclical,0.1257
220,basic_materials,0.0435
220,consumer_defensive,0.070700005
220,technology,0.24370001
220,communication_services,0.0716
220,financial_services,0.1568
220,utilities,0.027
220,industrials,0.08189999
220,energy,0.0456
220,healthcare,0.123
223,realestate,0
223,consumer_cyclical,0.2768
223,basic_materials,0.060500003
223,consumer_defensive,0
223,technology,0.5413
223,communication_services,0.0615
223,financial_services,0
223,utilities,0
223,industrials,0.0598
223,energy,0
223,healthcare,0
224,realestate,0
224,consumer_cyclical,0.0004
224,basic_materials,0
224,consumer_defensive,0
224,technology,0.8014
224,communication_services,0.19680001
224,financial_services,0.00029999999
224,utilities,0
224,industrials,0.0011999999
224,energy,0
224,healthcare,0
225,realestate,0
225,consumer_cyclical,0
225,basic_materials,0.4293
225,consumer_defensive,0.057800002
225,technology,0
225,communication_services,0
225,financial_services,0
225,utilities,0
225,industrials,0
225,energy,0.5129
225,healthcare,0
226,realestate,0
226,consumer_cyclical,0.41619998
226,basic_materials,0.0099
226,consumer_defensive,0
226,technology,0.286
226,communication_services,0.0108
226,financial_services,0
226,utilities,0
226,industrials,0.2771
226,energy,0
226,healthcare,0
227,realestate,0.0087
227,consumer_cyclical,0.059299998
227,basic_materials,0.019
227,consumer_defensive,0.0794
227,technology,0.24540001
227,communication_services,0.0888
227,financial_services,0.1439
227,utilities,0.0332
227,industrials,0.099700004
227,energy,0.039
227,healthcare,0.18370001
228,realestate,0.120699994
228,consumer_cyclical,0.089499995
228,basic_materials,0.0444
228,consumer_defensive,0.0405
228,technology,0.0332
228,communication_services,0.0482
228,financial_services,0.2589
228,utilities,0.1359
228,industrials,0.1462
228,energy,0.0701
228,healthcare,0.0123000005
229,realestate,0
229,consumer_cyclical,0.0072000003
229,basic_materials,0.002
229,consumer_defensive,0.9821
229,technology,0
229,communication_services,0
229,financial_services,0
229,utilities,0
229,industrials,0.0016
229,energy,0
229,healthcare,0.0070999996
230,realestate,0.14829999
230,consumer_cyclical,0.0727
230,basic_materials,0.0494
230,consumer_defensive,0.0557
230,technology,0.041500002
230,communication_services,0.0544
230,financial_services,0.2559
230,utilities,0.11359999
230,industrials,0.1289
230,energy,0.0622
230,healthcare,0.0173
231,realestate,0.035
231,consumer_cyclical,0.0856
231,basic_materials,0.036
231,consumer_defensive,0.0373
231,technology,0.30110002
231,communication_services,0.008
231,financial_services,0.16420001
231,utilities,0.002
231,industrials,0.1583
231,energy,0.080299996
231,healthcare,0.0923
232,realestate,0.0379
232,consumer_cyclical,0.089099996
232,basic_materials,0
232,consumer_defensive,0.1155
232,technology,0.2225
232,communication_services,0.0529
232,financial_services,0.1835
232,utilities,0.0731
232,industrials,0.033800002
232,energy,0.0067000003
232,healthcare,0.1849
233,realestate,0.0106
233,consumer_cyclical,0.24200001
233,basic_materials,0.1576
233,consumer_defensive,0
233,technology,0.0399
233,communication_services,0.053200003
233,financial_services,0.1162
233,utilities,0.0341
233,industrials,0.2557
233,energy,0
233,healthcare,0.090500005
237,realestate,0
237,consumer_cyclical,0
237,basic_materials,0
237,consumer_defensive,0
237,technology,0
237,communication_services,0
237,financial_services,0
237,utilities,1
237,industrials,0
237,energy,0
237,healthcare,0
238,realestate,0.0083
238,consumer_cyclical,0.1038
238,basic_materials,0.019299999
238,consumer_defensive,0.0633
238,technology,0.35779998
238,communication_services,0.0789
238,financial_services,0.07
238,utilities,0.0047
238,industrials,0.0495
238,energy,0.0721
238,healthcare,0.1723
239,realestate,0.0083
239,consumer_cyclical,0.103599995
239,basic_materials,0.019299999
239,consumer_defensive,0.0633
239,technology,0.35740003
239,communication_services,0.0788
239,financial_services,0.07
239,utilities,0.0047
239,industrials,0.0494
239,energy,0.0721
239,healthcare,0.1731
240,realestate,0
240,consumer_cyclical,0.051599998
240,basic_materials,0.1311
240,consumer_defensive,0
240,technology,0
240,communication_services,0
240,financial_services,0
240,utilities,0.00090000004
240,industrials,0.0015
240,energy,0.8114
240,healthcare,0.0034999999
241,realestate,0.0083
241,consumer_cyclical,0.1037
241,basic_materials,0.019299999
241,consumer_defensive,0.0633
241,technology,0.35759997
241,communication_services,0.0788
241,financial_services,0.07
241,utilities,0.0047
241,industrials,0.048800003
241,energy,0.0721
241,healthcare,0.1732
242,realestate,0.0231
242,consumer_cyclical,0.1103
242,basic_materials,0.0437
242,consumer_defensive,0.070199996
242,technology,0.2244
242,communication_services,0.0763
242,financial_services,0.1528
242,utilities,0.0256
242,industrials,0.1021
242,energy,0.052399997
242,healthcare,0.1192
243,realestate,0.0379
243,consumer_cyclical,0.145
243,basic_materials,0.1429
243,consumer_defensive,0.066
243,technology,0.0546
243,communication_services,0.0394
243,financial_services,0.1294
243,utilities,0.0337
243,industrials,0.26139998
243,energy,0.050300002
243,healthcare,0.039300002
244,realestate,0.028199999
244,consumer_cyclical,0.0998
244,basic_materials,0.0374
244,consumer_defensive,0.0683
244,technology,0.22659999
244,communication_services,0.088599995
244,financial_services,0.1726
244,utilities,0.020399999
244,industrials,0.0987
244,energy,0.0377
244,healthcare,0.121700004
245,realestate,0
245,consumer_cyclical,0.0011
245,basic_materials,0
245,consumer_defensive,0
245,technology,0.0201
245,communication_services,0
245,financial_services,0.97400004
245,utilities,0
245,industrials,0.0047
245,energy,0
245,healthcare,0
246,realestate,0.0152
246,consumer_cyclical,0.1706
246,basic_materials,0.1682
246,consumer_defensive,0.0276
246,technology,0.070700005
246,communication_services,0.0238
246,financial_services,0.0592
246,utilities,0.039100002
246,industrials,0.2861
246,energy,0.1373
246,healthcare,0.0023
248,realestate,0.024
248,consumer_cyclical,0.0935
248,basic_materials,0.0198
248,consumer_defensive,0.028499998
248,technology,0.2829
248,communication_services,0.123
248,financial_services,0.1246
248,utilities,0.024400001
248,industrials,0.0715
248,energy,0.0397
248,healthcare,0.1683
249,realestate,0
249,consumer_cyclical,0
249,basic_materials,0
249,consumer_defensive,0
249,technology,0.0026
249,communication_services,0
249,financial_services,0
249,utilities,0.89129996
249,industrials,0.1016
249,energy,0.0045
249,healthcare,0
251,realestate,0.026400002
251,consumer_cyclical,0.1113
251,basic_materials,0.0423
251,consumer_defensive,0.066700004
251,technology,0.21280001
251,communication_services,0.074200004
251,financial_services,0.15
251,utilities,0.0209
251,industrials,0.1173
251,energy,0.0553
251,healthcare,0.122700006
252,realestate,0.027
252,consumer_cyclical,0.111099996
252,basic_materials,0.0231
252,consumer_defensive,0.0594
252,technology,0.2709
252,communication_services,0.081499994
252,financial_services,0.131
252,utilities,0.0217
252,industrials,0.0917
252,energy,0.0448
252,healthcare,0.1378
254,realestate,0.0108
254,consumer_cyclical,0.105500005
254,basic_materials,0.0222
254,consumer_defensive,0.062
254,technology,0.3449
254,communication_services,0.0752
254,financial_services,0.0715
254,utilities,0.0063
254,industrials,0.0596
254,energy,0.0735
254,healthcare,0.1685
255,realestate,0.0431
255,consumer_cyclical,0.0621
255,basic_materials,0.078600004
255,consumer_defensive,0.17959999
255,technology,0.043
255,communication_services,0.0016
255,financial_services,0.1196
255,utilities,0.103
255,industrials,0.2192
255,energy,0.0477
255,healthcare,0.1025
256,realestate,0.0298
256,consumer_cyclical,0.084
256,basic_materials,0.067600004
256,consumer_defensive,0.0726
256,technology,0.0796
256,communication_services,0.048699997
256,financial_services,0.2403
256,utilities,0.1178
256,industrials,0.121400006
256,energy,0.0588
256,healthcare,0.0793
257,realestate,0
257,consumer_cyclical,0.3332
257,basic_materials,0
257,consumer_defensive,0
257,technology,0
257,communication_services,0
257,financial_services,0
257,utilities,0
257,industrials,0.6668
257,energy,0
257,healthcare,0
259,realestate,0
259,consumer_cyclical,0.0083
259,basic_materials,0.0041
259,consumer_defensive,0
259,technology,0.060700003
259,communication_services,0.0005
259,financial_services,0.0005
259,utilities,0.00029999999
259,industrials,0.9249
259,energy,0.0005
259,healthcare,0.0002
260,realestate,0.059899997
260,consumer_cyclical,0.115
260,basic_materials,0.044
260,consumer_defensive,0.073
260,technology,0.1492
260,communication_services,0.0404
260,financial_services,0.1361
260,utilities,0.0586
260,industrials,0.1427
260,energy,0.047399998
260,healthcare,0.1338
261,realestate,0.0733
261,consumer_cyclical,0.1183
261,basic_materials,0.014199999
261,consumer_defensive,0.0123000005
261,technology,0.3419
261,communication_services,0.073
261,financial_services,0.12550001
261,utilities,0.0111
261,industrials,0.0776
261,energy,0
261,healthcare,0.1527
262,realestate,0
262,consumer_cyclical,0
262,basic_materials,0
262,consumer_defensive,0
262,technology,0
262,communication_services,0
262,financial_services,0
262,utilities,0
262,industrials,0
262,energy,0
262,healthcare,1
263,realestate,0
263,consumer_cyclical,0.0465
263,basic_materials,0.5398
263,consumer_defensive,0.0744
263,technology,0
263,communication_services,0
263,financial_services,0
263,utilities,0
263,industrials,0.2467
263,energy,0
263,healthcare,0.0926
264,realestate,0.0254
264,consumer_cyclical,0.1583
264,basic_materials,0.0148
264,consumer_defensive,0.0323
264,technology,0.4352
264,communication_services,0.081599995
264,financial_services,0.066700004
264,utilities,0.0066000004
264,industrials,0.0623
264,energy,0.0155
264,healthcare,0.1013
266,realestate,0.0336
266,consumer_cyclical,0.0825
266,basic_materials,0.1026
266,consumer_defensive,0.060500003
266,technology,0
266,communication_services,0.0762
266,financial_services,0.34669998
266,utilities,0.067
266,industrials,0.139
266,energy,0.0919
266,healthcare,0
268,realestate,0.0001
268,consumer_cyclical,0.0673
268,basic_materials,0.0235
268,consumer_defensive,0.1418
268,technology,0.09689999
268,communication_services,0.036
268,financial_services,0.1991
268,utilities,0.066199996
268,industrials,0.1184
268,energy,0.1174
268,healthcare,0.13319999
270,realestate,0
270,consumer_cyclical,0
270,basic_materials,0
270,consumer_defensive,0
270,technology,0.13270001
270,communication_services,0
270,financial_services,0
270,utilities,0
270,industrials,0.86730003
270,energy,0
270,healthcare,0
271,realestate,1
271,consumer_cyclical,0
271,basic_materials,0
271,consumer_defensive,0
271,technology,0
271,communication_services,0
271,financial_services,0
271,utilities,0
271,industrials,0
271,energy,0
271,healthcare,0
272,realestate,0.0019
272,consumer_cyclical,0.0854
272,basic_materials,0.045
272,consumer_defensive,0.0398
272,technology,0.22209999
272,communication_services,0.1271
272,financial_services,0.083100006
272,utilities,0.0116
272,industrials,0.1709
272,energy,0.0327
272,healthcare,0.18040001
275,realestate,0.0189
275,consumer_cyclical,0.0723
275,basic_materials,0.0092
275,consumer_defensive,0.2574
275,technology,0.040599998
275,communication_services,0.019199999
275,financial_services,0.1342
275,utilities,0.18120001
275,industrials,0.0992
275,energy,0.0091
275,healthcare,0.1587
276,realestate,0
276,consumer_cyclical,0.17870001
276,basic_materials,0
276,consumer_defensive,0.0164
276,technology,0.38709998
276,communication_services,0.0652
276,financial_services,0.16450001
276,utilities,0
276,industrials,0.0502
276,energy,0.1254
276,healthcare,0.0125
277,realestate,0
277,consumer_cyclical,0
277,basic_materials,0
277,consumer_defensive,0
277,technology,0.5746
277,communication_services,0.42540002
277,financial_services,0
277,utilities,0
277,industrials,0
277,energy,0
277,healthcare,0
278,realestate,0.0188
278,consumer_cyclical,0.16440001
278,basic_materials,0.0776
278,consumer_defensive,0.059499998
278,technology,0.056399997
278,communication_services,0
278,financial_services,0.1943
278,utilities,0
278,industrials,0.2134
278,energy,0.17940001
278,healthcare,0.0364
280,realestate,0.0195
280,consumer_cyclical,0.0858
280,basic_materials,0.0235
280,consumer_defensive,0.0626
280,technology,0.2908
280,communication_services,0.0943
280,financial_services,0.1287
280,utilities,0.0242
280,industrials,0.0809
280,energy,0.0497
280,healthcare,0.1399
281,realestate,0
281,consumer_cyclical,0.1109
281,basic_materials,0.0399
281,consumer_defensive,0.086899996
281,technology,0.0572
281,communication_services,0.0553
281,financial_services,0.2386
281,utilities,0.2631
281,industrials,0.037
281,energy,0.066300005
281,healthcare,0.0448
282,realestate,0
282,consumer_cyclical,0.099700004
282,basic_materials,0.0138
282,consumer_defensive,0.0225
282,technology,0.38279998
282,communication_services,0.094799995
282,financial_services,0
282,utilities,0.0148
282,industrials,0.111899994
282,energy,0.019199999
282,healthcare,0.24059999
283,realestate,0
283,consumer_cyclical,0.0625
283,basic_materials,0.0884
283,consumer_defensive,0.1271
283,technology,0.0178
283,communication_services,0.087799996
283,financial_services,0.4055
283,utilities,0.0925
283,industrials,0.0557
283,energy,0.0326
283,healthcare,0.030299999
284,realestate,0.0187
284,consumer_cyclical,0.1697
284,basic_materials,0.045700002
284,consumer_defensive,0.053400002
284,technology,0.1748
284,communication_services,0.0892
284,financial_services,0.3524
284,utilities,0.006
284,industrials,0.0448
284,energy,0
284,healthcare,0.0454
286,realestate,0.0063
286,consumer_cyclical,0.1075
286,basic_materials,0.0719
286,consumer_defensive,0.040900003
286,technology,0.014400001
286,communication_services,0.012200001
286,financial_services,0.1846
286,utilities,0.0949
286,industrials,0.1042
286,energy,0.2628
286,healthcare,0.1003
287,realestate,1
287,consumer_cyclical,0
287,basic_materials,0
287,consumer_defensive,0
287,technology,0
287,communication_services,0
287,financial_services,0
287,utilities,0
287,industrials,0
287,energy,0
287,healthcare,0
288,realestate,0.0706
288,consumer_cyclical,0.1301
288,basic_materials,0.0189
288,consumer_defensive,0.0161
288,technology,0.333
288,communication_services,0.079
288,financial_services,0.1242
288,utilities,0.0108
288,industrials,0.0543
288,energy,0
288,healthcare,0.16319999
289,realestate,0
289,consumer_cyclical,0.11
289,basic_materials,0.8669
289,consumer_defensive,0
289,technology,0
289,communication_services,0
289,financial_services,0
289,utilities,0
289,industrials,0.014199999
289,energy,0
289,healthcare,0.0089
290,realestate,0.0189
290,consumer_cyclical,0.072399996
290,basic_materials,0
290,consumer_defensive,0.2673
290,technology,0.0405
290,communication_services,0.0196
290,financial_services,0.1425
290,utilities,0.1824
290,industrials,0.099
290,energy,0.0091
290,healthcare,0.14819999
291,realestate,0.0227
291,consumer_cyclical,0.065
291,basic_materials,0
291,consumer_defensive,0
291,technology,0.5995
291,communication_services,0.12020001
291,financial_services,0.0672
291,utilities,0
291,industrials,0.0149
291,energy,0
291,healthcare,0.1104
292,realestate,0.01
292,consumer_cyclical,0.1361
292,basic_materials,0
292,consumer_defensive,0.0696
292,technology,0.37060001
292,communication_services,0.0919
292,financial_services,0.0093
292,utilities,0.0392
292,industrials,0.1014
292,energy,0.0207
292,healthcare,0.1512
293,realestate,0.0182
293,consumer_cyclical,0.121400006
293,basic_materials,0.0254
293,consumer_defensive,0.0709
293,technology,0.3017
293,communication_services,0.060399998
293,financial_services,0.13069999
293,utilities,0.0271
293,industrials,0.0637
293,energy,0.0467
293,healthcare,0.1338
294,realestate,0
294,consumer_cyclical,0.026500002
294,basic_materials,0
294,consumer_defensive,0
294,technology,0.2159
294,communication_services,0.0322
294,financial_services,0
294,utilities,0
294,industrials,0.6247
294,energy,0.1007
294,healthcare,0
295,realestate,0.0851
295,consumer_cyclical,0.0941
295,basic_materials,0.0759
295,consumer_defensive,0.0432
295,technology,0.1155
295,communication_services,0.024600001
295,financial_services,0.1672
295,utilities,0.1094
295,industrials,0.127
295,energy,0.066
295,healthcare,0.0921
296,realestate,0.9975
296,consumer_cyclical,0.0025
296,basic_materials,0
296,consumer_defensive,0
296,technology,0
296,communication_services,0
296,financial_services,0
296,utilities,0
296,industrials,0
296,energy,0
296,healthcare,0
297,realestate,0
297,consumer_cyclical,0.0434
297,basic_materials,0.881
297,consumer_defensive,0
297,technology,0
297,communication_services,0
297,financial_services,0
297,utilities,0
297,industrials,0.0671
297,energy,0.0086
297,healthcare,0
301,realestate,0
301,consumer_cyclical,0.0312
301,basic_materials,0
301,consumer_defensive,0
301,technology,0.29860002
301,communication_services,0
301,financial_services,0
301,utilities,0.3382
301,industrials,0.3068
301,energy,0.0252
301,healthcare,0
302,realestate,0.0076
302,consumer_cyclical,0.16450001
302,basic_materials,0.0058999998
302,consumer_defensive,0.045
302,technology,0.4573
302,communication_services,0.1279
302,financial_services,0.0584
302,utilities,0
302,industrials,0.034
302,energy,0
302,healthcare,0.0994
304,realestate,0.111499995
304,consumer_cyclical,0.1331
304,basic_materials,0.1014
304,consumer_defensive,0.0315
304,technology,0.0397
304,communication_services,0.045900002
304,financial_services,0.2007
304,utilities,0.0352
304,industrials,0.2518
304,energy,0.049000002
304,healthcare,0
306,realestate,0.0301
306,consumer_cyclical,0.11229999
306,basic_materials,0.0463
306,consumer_defensive,0.0665
306,technology,0.2142
306,communication_services,0.071
306,financial_services,0.1531
306,utilities,0.025999999
306,industrials,0.111499995
306,energy,0.051999997
306,healthcare,0.117
307,realestate,0.0042
307,consumer_cyclical,0.0588
307,basic_materials,0.0339
307,consumer_defensive,0.1163
307,technology,0.16700001
307,communication_services,0.12149999
307,financial_services,0.1288
307,utilities,0.069299996
307,industrials,0.095699996
307,energy,0.0219
307,healthcare,0.1826
308,realestate,0.0612
308,consumer_cyclical,0.1609
308,basic_materials,0.0466
308,consumer_defensive,0.0675
308,technology,0.1353
308,communication_services,0.026300002
308,financial_services,0.0798
308,utilities,0.0624
308,industrials,0.1851
308,energy,0.056799997
308,healthcare,0.1181
309,realestate,0
309,consumer_cyclical,0.0612
309,basic_materials,0.0196
309,consumer_defensive,0.156
309,technology,0.1005
309,communication_services,0
309,financial_services,0.165
309,utilities,0
309,industrials,0.2378
309,energy,0.0222
309,healthcare,0.2377
310,realestate,0
310,consumer_cyclical,0.007900001
310,basic_materials,0.0195
310,consumer_defensive,0.1456
310,technology,0.0945
310,communication_services,0.0872
310,financial_services,0.0849
310,utilities,0.0983
310,industrials,0.035099998
310,energy,0.2316
310,healthcare,0.19540001
311,realestate,0.035
311,consumer_cyclical,0.0889
311,basic_materials,0.0191
311,consumer_defensive,0.1664
311,technology,0.186
311,communication_services,0.0226
311,financial_services,0.14729999
311,utilities,0.0537
311,industrials,0.1302
311,energy,0.0344
311,healthcare,0.1166
312,realestate,0.2193
312,consumer_cyclical,0.0648
312,basic_materials,0.0086
312,consumer_defensive,0.0269
312,technology,0
312,communication_services,0.0137
312,financial_services,0.42369998
312,utilities,0.094799995
312,industrials,0.14829999
312,energy,0
312,healthcare,0
313,realestate,0
313,consumer_cyclical,0
313,basic_materials,0
313,consumer_defensive,0
313,technology,0.9885
313,communication_services,0.0115
313,financial_services,0
313,utilities,0
313,industrials,0
313,energy,0
313,healthcare,0
314,realestate,0
314,consumer_cyclical,0.00090000004
314,basic_materials,0
314,consumer_defensive,0
314,technology,0.0194
314,communication_services,0
314,financial_services,0
314,utilities,0.0011999999
314,industrials,0.0023
314,energy,0.97620004
314,healthcare,0
315,realestate,0.0322
315,consumer_cyclical,0.106400006
315,basic_materials,0.0544
315,consumer_defensive,0.0473
315,technology,0.1972
315,communication_services,0.0325
315,financial_services,0.15529999
315,utilities,0.0696
315,industrials,0.16780001
315,energy,0.0626
315,healthcare,0.0747
316,realestate,0.028099999
316,consumer_cyclical,0.0335
316,basic_materials,0.2548
316,consumer_defensive,0.0249
316,technology,0
316,communication_services,0
316,financial_services,0
316,utilities,0.1602
316,industrials,0.16280001
316,energy,0.3351
316,healthcare,0.0007
317,realestate,0.097600006
317,consumer_cyclical,0.0857
317,basic_materials,0.071
317,consumer_defensive,0.061100002
317,technology,0.080699995
317,communication_services,0.028900001
317,financial_services,0.18030001
317,utilities,0.12529999
317,industrials,0.1445
317,energy,0.0342
317,healthcare,0.0907
318,realestate,0.026400002
318,consumer_cyclical,0.1188
318,basic_materials,0.023599999
318,consumer_defensive,0.0577
318,technology,0.3116
318,communication_services,0.0986
318,financial_services,0.1305
318,utilities,0.012999999
318,industrials,0.0692
318,energy,0.0139
318,healthcare,0.1368
319,realestate,0
319,consumer_cyclical,0.0392
319,basic_materials,0.0227
319,consumer_defensive,0.115100004
319,technology,0.0471
319,communication_services,0.083900005
319,financial_services,0.22670001
319,utilities,0.0954
319,industrials,0.025899999
319,energy,0.1767
319,healthcare,0.1672
320,realestate,0.0088
320,consumer_cyclical,0.159
320,basic_materials,0.0062
320,consumer_defensive,0.043
320,technology,0.4321
320,communication_services,0.115600005
320,financial_services,0.0625
320,utilities,0.00059999997
320,industrials,0.053200003
320,energy,0.0058
320,healthcare,0.113199994
321,realestate,0.0088
321,consumer_cyclical,0.159
321,basic_materials,0.0062
321,consumer_defensive,0.043
321,technology,0.432
321,communication_services,0.115600005
321,financial_services,0.0625
321,utilities,0.00059999997
321,industrials,0.0533
321,energy,0.0058
321,healthcare,0.113199994
322,realestate,0
322,consumer_cyclical,0.0739
322,basic_materials,0.0191
322,consumer_defensive,0.037100002
322,technology,0.38819999
322,communication_services,0.0738
322,financial_services,0.3504
322,utilities,0
322,industrials,0.0378
322,energy,0.0198
322,healthcare,0
325,realestate,0
325,consumer_cyclical,0
325,basic_materials,0
325,consumer_defensive,0
325,technology,0
325,communication_services,0
325,financial_services,0
325,utilities,0
325,industrials,0
325,energy,0
325,healthcare,0
326,realestate,0.0124
326,consumer_cyclical,0.16379999
326,basic_materials,0.0312
326,consumer_defensive,0
326,technology,0.38459998
326,communication_services,0.1625
326,financial_services,0.21350001
326,utilities,0
326,industrials,0.0178
326,energy,0
326,healthcare,0.014199999
328,realestate,0
328,consumer_cyclical,0
328,basic_materials,0
328,consumer_defensive,0
328,technology,0
328,communication_services,0
328,financial_services,0
328,utilities,0
328,industrials,1
328,energy,0
328,healthcare,0
329,realestate,0.024500001
329,consumer_cyclical,0.1074
329,basic_materials,0.0225
329,consumer_defensive,0.060300004
329,technology,0.2895
329,communication_services,0.0875
329,financial_services,0.12060001
329,utilities,0.0235
329,industrials,0.0817
329,energy,0.047399998
329,healthcare,0.1351
330,realestate,0.024500001
330,consumer_cyclical,0.1113
330,basic_materials,0.023
330,consumer_defensive,0.0678
330,technology,0.2923
330,communication_services,0.0923
330,financial_services,0.1266
330,utilities,0.025
330,industrials,0.0848
330,energy,0.013099999
330,healthcare,0.13949999
333,realestate,0.0294
333,consumer_cyclical,0.111999996
333,basic_materials,0.047199998
333,consumer_defensive,0.0701
333,technology,0.20719999
333,communication_services,0.0712
333,financial_services,0.154
333,utilities,0.026500002
333,industrials,0.1121
333,energy,0.053000003
333,healthcare,0.1174
334,realestate,1
334,consumer_cyclical,0
334,basic_materials,0
334,consumer_defensive,0
334,technology,0
334,communication_services,0
334,financial_services,0
334,utilities,0
334,industrials,0
334,energy,0
334,healthcare,0
335,realestate,0.023699999
335,consumer_cyclical,0.108500004
335,basic_materials,0.0221
335,consumer_defensive,0.0653
335,technology,0.28100002
335,communication_services,0.0887
335,financial_services,0.1237
335,utilities,0.0241
335,industrials,0.0817
335,energy,0.047199998
335,healthcare,0.134
336,realestate,0.023699999
336,consumer_cyclical,0.1086
336,basic_materials,0.0222
336,consumer_defensive,0.0652
336,technology,0.28120002
336,communication_services,0.0887
336,financial_services,0.1233
336,utilities,0.0242
336,industrials,0.081499994
336,energy,0.047199998
336,healthcare,0.1342
337,realestate,0.023599999
337,consumer_cyclical,0.1076
337,basic_materials,0.0222
337,consumer_defensive,0.0653
337,technology,0.2793
337,communication_services,0.089099996
337,financial_services,0.1244
337,utilities,0.024
337,industrials,0.08189999
337,energy,0.048
337,healthcare,0.1347
338,realestate,0.023699999
338,consumer_cyclical,0.108500004
338,basic_materials,0.0221
338,consumer_defensive,0.0652
338,technology,0.2811
338,communication_services,0.0887
338,financial_services,0.1236
338,utilities,0.0241
338,industrials,0.081599995
338,energy,0.047199998
338,healthcare,0.1341
339,realestate,0.023699999
339,consumer_cyclical,0.108500004
339,basic_materials,0.0221
339,consumer_defensive,0.0652
339,technology,0.2811
339,communication_services,0.0887
339,financial_services,0.1236
339,utilities,0.0241
339,industrials,0.081599995
339,energy,0.047199998
339,healthcare,0.134
340,realestate,0.1091
340,consumer_cyclical,0.1444
340,basic_materials,0.0743
340,consumer_defensive,0.0758
340,technology,0.055
340,communication_services,0.016
340,financial_services,0.16430001
340,utilities,0.0911
340,industrials,0.1007
340,energy,0.1376
340,healthcare,0.0317
341,realestate,0
341,consumer_cyclical,0
341,basic_materials,0
341,consumer_defensive,0
341,technology,0
341,communication_services,0
341,financial_services,0
341,utilities,0
341,industrials,0
341,energy,1
341,healthcare,0
343,realestate,0.019199999
343,consumer_cyclical,0.0996
343,basic_materials,0.0199
343,consumer_defensive,0.1108
343,technology,0.137
343,communication_services,0.091800004
343,financial_services,0.18020001
343,utilities,0.038399998
343,industrials,0.1292
343,energy,0.0311
343,healthcare,0.1429
344,realestate,0.0027
344,consumer_cyclical,0.14130001
344,basic_materials,0
344,consumer_defensive,0.0644
344,technology,0.48880002
344,communication_services,0.157
344,financial_services,0.0056
344,utilities,0.0124
344,industrials,0.0494
344,energy,0.0055
344,healthcare,0.0729
345,realestate,0.0027
345,consumer_cyclical,0.14039999
345,basic_materials,0
345,consumer_defensive,0.0646
345,technology,0.4871
345,communication_services,0.1584
345,financial_services,0.0055
345,utilities,0.0124
345,industrials,0.0498
345,energy,0.0056
345,healthcare,0.0733
346,realestate,0.0231
346,consumer_cyclical,0.106300004
346,basic_materials,0.0504
346,consumer_defensive,0.1366
346,technology,0.018
346,communication_services,0.0602
346,financial_services,0.2521
346,utilities,0.2252
346,industrials,0.050300002
346,energy,0.032
346,healthcare,0.0458
347,realestate,0
347,consumer_cyclical,0.0452
347,basic_materials,0.059299998
347,consumer_defensive,0.0208
347,technology,0.6042
347,communication_services,0.031
347,financial_services,0.1873
347,utilities,0
347,industrials,0.044499997
347,energy,0.0053
347,healthcare,0.0026
348,realestate,0
348,consumer_cyclical,0.16299999
348,basic_materials,0
348,consumer_defensive,0.056500003
348,technology,0.4968
348,communication_services,0.0645
348,financial_services,0.0381
348,utilities,0.0078
348,industrials,0.0653
348,energy,0.0092
348,healthcare,0.0988
354,realestate,0
354,consumer_cyclical,0
354,basic_materials,0
354,consumer_defensive,0
354,technology,0
354,communication_services,0
354,financial_services,0
354,utilities,0
354,industrials,0
354,energy,1
354,healthcare,0
355,realestate,0
355,consumer_cyclical,0
355,basic_materials,0.013200001
355,consumer_defensive,0
355,technology,0
355,communication_services,0
355,financial_services,0
355,utilities,0
355,industrials,0.0070999996
355,energy,0
355,healthcare,0.9797
356,realestate,0
356,consumer_cyclical,0
356,basic_materials,0.4058
356,consumer_defensive,0.13350001
356,technology,0
356,communication_services,0
356,financial_services,0
356,utilities,0.017
356,industrials,0.0417
356,energy,0.402
356,healthcare,0
357,realestate,0.0271
357,consumer_cyclical,0.16440001
357,basic_materials,0.0598
357,consumer_defensive,0.0523
357,technology,0.2013
357,communication_services,0.020599999
357,financial_services,0.0796
357,utilities,0.024
357,industrials,0.2031
357,energy,0.072
357,healthcare,0.0959
359,realestate,0.0496
359,consumer_cyclical,0
359,basic_materials,0.0249
359,consumer_defensive,0
359,technology,0.8407
359,communication_services,0.0467
359,financial_services,0.0381
359,utilities,0
359,industrials,0
359,energy,0
359,healthcare,0
360,realestate,0
360,consumer_cyclical,0
360,basic_materials,0
360,consumer_defensive,0
360,technology,0.5726
360,communication_services,0.4173
360,financial_services,0
360,utilities,0
360,industrials,0
360,energy,0
360,healthcare,0.0101
363,realestate,0.0099
363,consumer_cyclical,0.1223
363,basic_materials,0.0557
363,consumer_defensive,0
363,technology,0.2076
363,communication_services,0
363,financial_services,0
363,utilities,0.22399999
363,industrials,0.35950002
363,energy,0.0211
363,healthcare,0
364,realestate,0.0115
364,consumer_cyclical,0.17879999
364,basic_materials,0.0172
364,consumer_defensive,0.023599999
364,technology,0.45599997
364,communication_services,0.152
364,financial_services,0.062
364,utilities,0
364,industrials,0.0124
364,energy,0.0058999998
364,healthcare,0.080699995
365,realestate,0.031400003
365,consumer_cyclical,0.1011
365,basic_materials,0.048299998
365,consumer_defensive,0.0509
365,technology,0.2769
365,communication_services,0.078
365,financial_services,0.111499995
365,utilities,0.0271
365,industrials,0.1126
365,energy,0.0383
365,healthcare,0.123900004
367,realestate,0
367,consumer_cyclical,0
367,basic_materials,0
367,consumer_defensive,0
367,technology,0
367,communication_services,0
367,financial_services,0
367,utilities,0
367,industrials,0
367,energy,0
367,healthcare,1
368,realestate,0.0787
368,consumer_cyclical,0.0959
368,basic_materials,0.052800003
368,consumer_defensive,0.0437
368,technology,0.1839
368,communication_services,0.0306
368,financial_services,0.1161
368,utilities,0.065
368,industrials,0.1726
368,energy,0.050300002
368,healthcare,0.1103
369,realestate,0.0114
369,consumer_cyclical,0.109799996
369,basic_materials,0.0163
369,consumer_defensive,0.0682
369,technology,0.3084
369,communication_services,0.0991
369,financial_services,0.1246
369,utilities,0.0139999995
369,industrials,0.0652
369,energy,0.045300003
369,healthcare,0.1378
370,realestate,0.0332
370,consumer_cyclical,0.1261
370,basic_materials,0.0227
370,consumer_defensive,0.0574
370,technology,0.3196
370,communication_services,0.0994
370,financial_services,0.1268
370,utilities,0.0021
370,industrials,0.0639
370,energy,0.0002
370,healthcare,0.14850001
371,realestate,0
371,consumer_cyclical,0
371,basic_materials,0
371,consumer_defensive,0
371,technology,0
371,communication_services,0
371,financial_services,0
371,utilities,0
371,industrials,0.0161
371,energy,0
371,healthcare,0.9839
372,realestate,0.0241
372,consumer_cyclical,0.1076
372,basic_materials,0.0226
372,consumer_defensive,0.0629
372,technology,0.2867
372,communication_services,0.088599995
372,financial_services,0.119799994
372,utilities,0.023
372,industrials,0.0837
372,energy,0.0482
372,healthcare,0.1328
373,realestate,0.023699999
373,consumer_cyclical,0.108500004
373,basic_materials,0.0221
373,consumer_defensive,0.0652
373,technology,0.2811
373,communication_services,0.0887
373,financial_services,0.1236
373,utilities,0.0241
373,industrials,0.081599995
373,energy,0.047199998
373,healthcare,0.134
374,realestate,0.0216
374,consumer_cyclical,0.1357
374,basic_materials,0.077800006
374,consumer_defensive,0.0582
374,technology,0.1311
374,communication_services,0.1491
374,financial_services,0.239
374,utilities,0.018
374,industrials,0.0727
374,energy,0.0529
374,healthcare,0.043899998
